ID,DNAME2016,District_2016,DCODE2014,DNAME2014,District_2014,SUBREGION,REGION,Households_2014,Population_2014,Male_2014,Female_2014,Area_GIS_km2,Population_Density_2014,Average_Household_Size_2014,Attending_School_6_to_12yr_2014,Not_attending_School_6_to_12yr_2014,Never_been_to_School_15plus_2014,Attended_Primary_15plus_2014,Attended_Secondary_and_above_15plus_2014,Literate_18plus_2014,Not_Literate_18plus_2014,HH_Subsistence_Farming_2014,HH_non_Subsistence_Farming_2014,HH_own_Radio_2014,HH_own_Bicycle_2014,HH_own_Motorcycle_2014,HH_own_Moquito_Net_2014,HH_own_two_sets_Clothing_2014,HH_Salt_available_2014,HH_at_least_two_Meals_a_Day_2014,HH_Wall_temporary_2014,HH_Wall_permanent_2014,HH_Roof_temporary_2014,HH_Roof_permanent_2014,HH_Floor_temporary_2014,HH_Floor_permanent_2014,HH_Unprotected_Drinking_Water_2014,HH_Protected_Drinking_Water_2014,HH_Improved_Toilet_2014,HH_Unimproved_Toilet_2014,HH_No_Toilet_2014,HH_Lighting_Electricity_2014,HH_Lighting_Electricity_2014_percent,HH_Lighting_Paraffin_Lantern_2014,HH_Lighting_Paraffin_Tadooba_2014,HH_Lighting_Other_2014
1,ABIM,Abim,314,ABIM,Abim,KARAMOJA,NORTHERN REGION,18083,107966,52456,55510,2748.699895,39.27893337,5.970580103,18443,7713,14180,19801,17082,25960,17290,15683,2400,5480,6585,913,17581,12459,14967,8086,15430,2653,15094,2989,16106,1977,320,17763,2770,9155,6158,907,5.015760659,2037,3159,11980
2,ADJUMANI,Adjumani,301,ADJUMANI,Adjumani,WEST NILE,NORTHERN REGION,41360,225251,108298,116953,3090.274506,72.89028842,5.44610735,41951,8395,22088,53638,30817,53887,35909,25517,15843,13955,13382,3016,37794,32596,36639,33509,30178,11182,35680,5680,33787,7573,2631,38729,8407,26320,6633,3716,8.984526112,3987,9934,23723
3,AGAGO,Agago,322,AGAGO,Agago,ACHOLI,NORTHERN REGION,43418,227792,110495,117297,3524.058046,64.63911689,5.246487632,41806,11027,26128,54961,26739,51661,39671,39867,3551,15678,21342,1537,41807,31532,38330,29469,38022,5396,37087,6331,39966,3452,10702,32716,8506,12354,22558,2492,5.739555023,10607,20726,9593
4,ALEBTONG,Alebtong,323,ALEBTONG,Alebtong,LANGO,NORTHERN REGION,46280,227541,110989,116552,1550.857007,146.7195228,4.916616249,43305,8896,22128,67215,24265,61705,34476,42738,3542,23668,26557,1710,45229,37688,43404,39828,40712,5568,35356,10924,42805,3475,15618,30662,6346,33334,6600,1871,4.04278306,4901,29050,10458
5,AMOLATAR,Amolatar,315,AMOLATAR,Amolatar,LANGO,NORTHERN REGION,27988,147166,73014,74152,1751.918857,84.00274901,5.258182078,28207,5287,8926,46224,18620,46339,16832,23864,4124,15685,19866,1738,26927,23859,26286,26631,23629,4359,18661,9327,25082,2906,859,27129,2304,21477,4207,2591,9.257538945,2980,10193,12224
6,AMUDAT,Amudat,324,AMUDAT,Amudat,KARAMOJA,NORTHERN REGION,15494,105769,54246,51523,1632.224646,64.80051643,6.826448948,6609,20074,33178,4169,4281,6462,28840,12010,3484,3045,1600,0,13468,8375,13133,12471,14783,711,11862,3632,14334,1160,6632,8862,652,1338,13504,293,1.891054602,2088,1372,11741
7,AMURIA,Amuria,216,AMURIA,Amuria,TESO,EASTERN REGION,48316,270928,132521,138407,2586.641037,104.741244,5.607417833,54262,8759,21415,73694,33464,67628,40681,41769,6547,25337,29873,2286,46015,37400,44207,41345,42584,5732,41278,7038,43594,4722,4079,44237,7093,29687,11536,3449,7.138422055,2752,18163,23952
8,AMURU,Amuru,316,AMURU,Amuru,ACHOLI,NORTHERN REGION,36694,186696,91284,95412,3538.439325,52.76224426,5.087916281,35206,9535,21304,47093,18913,43123,31700,31625,5069,15107,14365,3475,33205,27996,33246,25606,34206,2488,30313,6381,34219,2475,18006,18688,6343,21306,9045,2414,6.578732218,7239,22596,4445
9,APAC,Apac,302,APAC,Apac,LANGO,NORTHERN REGION,71680,368626,180995,187631,3226.048107,114.2655,5.14266183,69945,13791,21639,119790,45131,115627,43485,63669,8011,42524,48662,4398,69304,58000,66307,65857,57819,13861,52348,19332,62718,8962,7243,64437,10595,52457,8628,4357,6.078404018,9257,29274,28792
10,ARUA,Arua,303,ARUA,Arua,WEST NILE,NORTHERN REGION,145230,773767,370533,403234,4340.553525,178.2645913,5.327873029,135743,28225,64570,230408,104365,234514,107942,113205,32025,76199,57390,131710,123850.4,127596,138752,127827,81542,63688,100542,44688,120135,25095,38449,106781,22352,105455,17423,15943,10.97775942,39128,74989,15170
11,BUDAKA,Budaka,217,BUDAKA,Budaka,TESO,EASTERN REGION,37219,207597,100620,106977,410.200328,506.0868698,5.577715683,42370,4882,15009,55100,28546,51419,32207,32869,4350,19682,16552,2154,36406,27911,34580,35652,10865,26354,7944,29275,28910,8309,3960,33259,7694,27430,2095,2179,5.854536661,2489,30076,2475
12,BUDUDA,Bududa,218,BUDUDA,Bududa,ELGON,EASTERN REGION,36883,210173,105820,104353,318.6020332,659.6725008,5.698370523,46544,3436,11687,56797,34282,62571,26421,32625,4258,22646,4111,1099,35857,32677,34583,32139,33841,3042,2566,34317,33840,3043,11103,25780,9539,25286,2058,1554,4.213323211,4280,28049,3000
13,BUGIRI,Bugiri,201,BUGIRI,Bugiri,EAST CENTRAL,EASTERN REGION,74529,382913,185925,196988,1052.784135,363.7146376,5.137771874,81324,8743,32419,97235,49242,91681,60530,60192,14337,40985,33145,4435,61683,62018,69767,69945,37517,37012,27406,47123,51107,23422,16800,57729,15374,51469,7686,6242,8.37526332,5836,56565,5886
14,BUHWEJU,Buhweju,420,BUHWEJU,Buhweju,SOUTH WESTERN,WESTERN REGION,24816,120720,59059,61661,745.6627014,161.8962565,4.864603482,23883,3368,10614,37329,12544,37000,15625,22224,2592,16389,4059,1208,23943,16389,4059,1208,18983,5833,2865,21951,21584,3232,12562,12254,2965,21174,677,1967,7.926337847,2234,17915,2700
15,BUIKWE,Buikwe,117,BUIKWE,Buikwe,CENTRAL 2,CENTRAL REGION,98153,422771,207324,215447,1452.01309,291.1619758,4.307265188,82428,5243,23655,96206,95822,146765,40023,45819,52334,63178,21815,8363,86352,90993,92878,86060,25238,72915,5305,92848,40463,57690,14717,83436,25667,67834,4652,27379,27.89420598,12233,49312,9229
16,BUKEDEA,Bukedea,219,BUKEDEA,Bukedea,TESO,EASTERN REGION,36252,203600,98684,104916,1049.140343,194.0636459,5.616241863,42842,4650,13319,57843,26239,51750,32047,31572,4680,18615,19865,2290,35021,30298,33093,33496,24300,11952,21806,14446,30239,6013,3797,32455,5094,24392,6766,2098,5.787266909,3179,22898,8077
17,BUKOMANSIMBI,Bukomansimbi,118,BUKOMANSIMBI,Bukomansimbi,CENTRAL 1,CENTRAL REGION,34390,151413,75109,76304,599.6999408,252.4812656,4.402820587,33491,1924,8663,44400,21023,49880,13713,27836,6554,25659,14973,5982,31441,31017,32835,28299,6604,27786,940,33450,20173,14217,18893,15497,8458,25244,688,5224,15.19046234,4035,22706,2425
18,BUKWO,Bukwo,220,BUKWO,Bukwo,ELGON,EASTERN REGION,16638,89356,45058,44298,559.3676285,159.744675,5.370597428,19103,1120,3677,23277,15959,26113,10780,13767,2871,6790,1140,774,15713,14765,15526,15776,16018,620,7623,9015,15557,1081,7053,9585,3213,11509,1916,846,5.084745763,2697,11166,1929
19,BULAMBULI,Bulambuli,225,BULAMBULI,Bulambuli,ELGON,EASTERN REGION,34028,174513,86108,88405,694.181522,251.3938998,5.128511814,37077,3049,10102,46984,31505,52735,23118,29110,4918,20575,6835,1424,32528,29952,32345,31626,31680,2348,3878,30150,31780,2248,11143,22885,4401,27238,2389,1863,5.474903021,3443,26716,2006
20,BULIISA,Buliisa,416,BULIISA,Buliisa,WESTERN,WESTERN REGION,21652,113161,57801,55360,2038.425474,55.51392554,5.226353224,18875,3929,13570,30166,10543,25837,21462,14443,7209,11968,8317,1620,20543,17981,19136,19962,19126,2526,13330,8322,18817,2835,6528,15124,4783,12913,3956,1641,7.578976538,2761,13508,3742
21,BUNDIBUGYO,Bundibugyo,401,BUNDIBUGYO,Bundibugyo,WESTERN,WESTERN REGION,44827,224387,108435,115952,851.7541954,263.441027,5.005621612,43007,4320,22722,59401,30200,59316,38238,33709,11118,29851,3697,3062,42776,39805,39949,41371,36323,8504,1604,43223,39390,5437,20518,24309,8165,35932,730,4998,11.14953042,5672,25082,9075
22,BUSHENYI,Bushenyi,402,BUSHENYI,Bushenyi,SOUTH WESTERN,WESTERN REGION,51363,234443,114207,120236,845.391989,277.3186913,4.564433542,43515,2487,18283,64237,46463,89516,21997,34455,16908,38357,12319,5182,49214,48615,49859,47352,31198,20165,845,50518,31079,20284,21419,29944,13071,37978,314,10095,19.6542258,12739,24294,4235
23,BUSIA,Busia,202,BUSIA,Busia,EAST CENTRAL,EASTERN REGION,64812,323662,156447,167215,763.4378953,423.9532803,4.993859162,67232,5185,18755,85058,55717,92081,43942,42775,22037,64812,35290,3426,60540,58070,59430,60582,41497,23315,28413,36399,41486,23326,7497,57315,14038,44876,5898,7961,12.28321916,8348,45456,3047
24,BUTALEJA,Butaleja,221,BUTALEJA,Butaleja,ELGON,EASTERN REGION,44376,244153,119466,124687,655.1183933,372.6853077,5.50191545,50940,5856,18041,61594,32155,56769,40019,39863,4513,23153,20866,1929,42947,31875,41278,42268,18779,25597,13503,30873,35458,8918,3535,40841,6657,32197,5522,2284,5.146926266,2201,36750,3141
25,BUTAMBALA,Butambala,119,BUTAMBALA,Butambala,CENTRAL 1,CENTRAL REGION,21724,100840,50082,50758,405.3870492,248.7499297,4.641870742,22631,914,4313,24598,19052,33424,7313,16070,5654,16618,5401,3219,19529,16618,5401,3219,3762,17962,346,21378,9965,11759,4959,16765,6811,14567,346,4115,18.94218376,3582,12512,1515
26,BUVUMA,Buvuma,120,BUVUMA,Buvuma,CENTRAL 2,CENTRAL REGION,25183,89890,48414,41476,9611.95893,9.35189181,3.569471469,13102,1452,8285,27327,12450,28385,15793,11044,14139,13828,4562,1013,20952,21309,22408,22561,23629,1554,7495,17688,23243,1940,17073,8110,2659,8011,14513,1852,7.354167494,1364,15086,6881
27,BUYENDE,Buyende,226,BUYENDE,Buyende,EAST CENTRAL,EASTERN REGION,61297,323067,158615,164452,1879.248024,171.9129119,5.270518949,64078,12077,30588,81505,31915,67330,56338,52493,8804,37761,38821,4283,58505,47718,56965,58355,28088,33209,25382,35915,49960,11337,8150,53147,10001,46356,4940,4661,7.603961042,2466,41271,12899
28,DOKOLO,Dokolo,317,DOKOLO,Dokolo,LANGO,NORTHERN REGION,34870,183093,89476,93617,1093.917753,167.3736435,5.250731288,35534,8814,13042,52327,25262,56007,26773,31428,3442,21479,21656,1511,34178,29593,32972,33453,26850,8020,23473,11397,30556,4314,5265,29605,3425,28126,3319,2306,6.6131345,5486,18479,8599
29,GOMBA,Gomba,121,GOMBA,Gomba,CENTRAL 1,CENTRAL REGION,35286,159922,82167,77755,1670.087472,95.75666107,4.532165731,33618,1866,12972,46277,20079,49637,18930,27790,7496,25469,11651,5140,32385,32059,33613,30989,16916,18370,4093,31193,24395,10891,17438,17848,7280,26075,1931,4672,13.24037862,3001,24063,3550
30,GULU,Gulu,304,GULU,Gulu,ACHOLI,NORTHERN REGION,55517,275613,134571,141042,1935.263041,142.4162991,4.964479349,49676,5125,16001,60013,68234,93121,30762,27807,27710,31872,23751,7568,51966,51231,52773,45114,37026,18491,34561,20956,38371,17146,10077,45440,16604,35598,3315,11794,21.2439433,9648,29235,4840
31,HOIMA,Hoima,403,HOIMA,Hoima,WESTERN,WESTERN REGION,125576,572986,287906,285080,5640.576,101.582888,4.56286233,96946,17786,52433,161635,79734,176368,82448,85300,40276,83836,47464,16982,113864,110772,119848,117994,80895,44681,40094,85482,97607,27969,42562,83014,20496,96866,8214,21098,16.80098108,9295,73161,22022
32,IBANDA,Ibanda,417,IBANDA,Ibanda,SOUTH WESTERN,WESTERN REGION,55000,249625,121440,128185,970.9085041,257.1045561,4.538636364,47694,3619,20446,73503,38207,86898,27860,42907,12093,39145,17264,5194,52625,51087,53115,51380,35647,19353,2571,52429,36356,18644,26616,28384,9970,44329,701,8343,15.16909091,7649,33348,5660
33,IGANGA,Iganga,203,IGANGA,Iganga,EAST CENTRAL,EASTERN REGION,102703,504197,241182,263015,1015.810589,496.3494234,4.909272368,104099,8382,38366,114561,97889,146242,67602,64011,38692,64063,42047,7912,97164,93586,97349,95291,20118,82585,7078,95625,55556,47147,10050,92653,26543,71928,4232,17578,17.11537151,9661,64769,10695
34,ISINGIRO,Isingiro,418,ISINGIRO,Isingiro,SOUTH WESTERN,WESTERN REGION,89021,427300,206846,220454,2649.86946,161.2532264,4.799991013,83779,10229,45047,123894,46421,131685,56639,73280,15741,60263,24920,9280,83761,73862,83931,81726,63496,25525,8184,80837,71588,17433,64224,24797,13205,73010,2806,10296,11.56581031,9518,60072,9135
35,JINJA,Jinja,204,JINJA,Jinja,EAST CENTRAL,EASTERN REGION,105673,471242,230189,241053,722.3993207,652.3289633,4.459436185,88232,5391,22631,98691,129159,173066,43035,40245,65428,52235,22650,9538,86122,97581,101517,94352,25607,80066,1461,104212,45288,60385,4967,100706,26601,76776,2296,34456,32.60624758,9105,53161,8951
36,KAABONG,Kaabong,318,KAABONG,Kaabong,KARAMOJA,NORTHERN REGION,29211,167879,79207,88672,7306.738376,22.97591502,5.747115813,10321,26766,63023,13146,9066,15074,57937,23654,5557,2364,1733,382,28494,11613,23397,11613,27556,1655,23998,5213,27144,2067,6391,22820,3024,10630,15557,779,2.666803601,580,246,27606
37,KABALE,Kabale,404,KABALE,Kabale,SOUTH WESTERN,WESTERN REGION,74549,331335,158238,173097,1047.242976,316.3878944,4.444526419,58266,4749,31430,90682,58783,119572,38783,56372,18177,54823,20661,4133,72604,68844,71282,67944,60520,14029,979,73570,56488,18061,13306,61243,11569,62467,513,11423,15.32280782,9790,37525,15811
38,KABAROLE,Kabarole,405,KABAROLE,Kabarole,WESTERN,WESTERN REGION,107464,469236,233648,235588,1815.65658,258.4387406,4.366448299,84752,9420,39019,135640,75864,165071,53901,64055,40628,79662,30853,12115,101405,98429,102197,99404,78784,28680,3126,104338,78787,28677,36363,71101,19408,85668,2388,19635,18.27123502,9323,67781,10725
39,KABERAMAIDO,Kaberamaido,213,KABERAMAIDO,Kaberamaido,TESO,EASTERN REGION,38797,215026,106042,108984,1624.00335,132.4048993,5.542335748,39643,10961,10942,57912,33409,62723,25032,34296,4501,22042,25121,2176,37310,32737,36224,36505,32405,6392,30324,8473,33767,5030,3530,35267,4738,26894,7165,2055,5.296801299,1885,22936,11921
113,KAGADI,Kagadi,407,KIBAALE,Kibaale,WESTERN,WESTERN REGION,70480,333379,162868,170511,1555.095275,214.3785048,4.73012202,62054,9471,27942,97898,35523,97352,41860,56492,13988,47148,18586,9170,67602,61784,67299,66662,48926,21554,10336,60144,57923,12557,27870,42610,9401,58562,2517,13359,18.95431328,3642,43052,10427
114,KAKUMIRO,Kakumiro,407,KIBAALE,Kibaale,WESTERN,WESTERN REGION,56652,258905,130138,128767,1668.941499,155.1312615,4.570094613,45809,7325,22330,81086,24045,76572,35635,47967,8685,36864,17242,6216,52980,51167,55148,52788,39920,16732,10864,45788,48820,7832,22937,33715,7226,47236,2190,7649,13.50172986,2795,31994,14214
40,KALANGALA,Kalangala,101,KALANGALA,Kalangala,CENTRAL 1,CENTRAL REGION,20100,54293,31349,22944,7745.043451,7.010031686,2.701144279,4915,546,3897,18948,10877,24640,7419,4421,15679,12610,2365,1093,15915,19120,18604,17284,17093,3007,4077,16023,16094,4006,10715,9385,5412,13034,1654,2751,13.68656716,2939,9172,5238
41,KALIRO,Kaliro,222,KALIRO,Kaliro,EAST CENTRAL,EASTERN REGION,42966,236199,115969,120230,869.1409764,271.7614362,5.497346739,49194,5810,21092,58734,30378,55871,38044,37376,5590,26088,22616,2301,37416,35732,40854,41091,14414,28552,14707,28259,32190,10776,2756,40210,7224,33156,2586,3373,7.850393334,1827,32283,5483
42,KALUNGU,Kalungu,122,KALUNGU,Kalungu,CENTRAL 1,CENTRAL REGION,41494,183232,89679,93553,836.8907471,218.9437518,4.415867354,38971,2368,10594,48962,28862,58957,16800,26037,15457,31125,17405,5519,38310,38215,39945,35608,9718,31776,1551,39943,21871,19623,15556,25938,10940,29584,970,8215,19.79804309,5272,25814,2193
43,KAMPALA,Kampala,102,KAMPALA,Kampala,CENTRAL 1,CENTRAL REGION,416803,1507079,712762,794318,195.1377173,7723.155836,3.615806508,194820,10626,37107,208707,711739,813438,48605,4761,412042,253583,28400,28760,357403,410622,400738,356872,21866,394937,1370,415433,20071,396732,24708,392095,124355,290766,1682,351074,84.23019988,19479,11574,34676
44,KAMULI,Kamuli,205,KAMULI,Kamuli,EAST CENTRAL,EASTERN REGION,93834,486319,236389,249930,1556.092962,312.5256729,5.182758915,104014,8782,34456,117920,79245,134756,61672,73683,20151,58390,49011,10230,89817,81231,89183,87382,20316,73518,8450,85384,63670,30164,7255,86579,22184,66946,4704,10019,10.67736641,5654,67307,10854
45,KAMWENGE,Kamwenge,413,KAMWENGE,Kamwenge,WESTERN,WESTERN REGION,80116,374267,182678,191589,2410.629934,155.2569288,4.671563733,127443,203495,37938,113039,37989,113984,51184,69375,10741,52257,21157,6666,76804,69764,77126,75202,65417,14699,11765,68351,67455,12661,41326,38790,16138,62829,1149,7465,9.317739278,6137,55927,10587
46,KANUNGU,Kanungu,414,KANUNGU,Kanungu,SOUTH WESTERN,WESTERN REGION,56109,252144,121081,131063,1329.211027,189.6944841,4.49382452,48500,5723,19348,75970,36864,84370,33722,46268,9841,39283,5431,3439,53857,49618,53025,51630,43655,12454,3742,52367,43734,12375,24015,32094,8258,47244,607,6488,11.56320733,8744,29522,11355
47,KAPCHORWA,Kapchorwa,206,KAPCHORWA,Kapchorwa,ELGON,EASTERN REGION,20466,105186,51658,53528,357.3916481,294.3157753,5.139548519,21490,1187,6059,25228,24652,33223,14732,15123,5343,11566,1379,1326,19698,18348,19212,19191,18654,1812,3700,16766,17800,2666,4830,15636,3541,15294,1631,1724,8.423727157,3734,12381,2627
48,KASESE,Kasese,406,KASESE,Kasese,WESTERN,WESTERN REGION,138864,694987,338215,356772,3391.483374,204.9212464,5.004803261,132224,15292,59729,180101,109085,205943,97155,98120,40744,88853,22560,8459,132641,119759,130192,130654,69182,69682,8484,130380,102314,36550,37755,101109,28371,107500,2993,23771,17.11818758,13250,93308,8535
49,KATAKWI,Katakwi,207,KATAKWI,Katakwi,TESO,EASTERN REGION,30791,166231,81673,84558,2427.620957,68.47485787,5.398687928,32262,5300,15521,45007,22565,42484,28770,25626,5165,14459,14559,1829,29127,24162,27514,21944,27332,3459,26797,3994,27757,3034,1475,29316,4882,13201,12708,1589,5.160598876,2161,10118,16923
50,KAYUNGA,Kayunga,112,KAYUNGA,Kayunga,CENTRAL 2,CENTRAL REGION,76168,368062,180706,187356,1703.581265,216.0519182,4.832239261,15488,50068,26236,94298,55801,48093,22808,56095,20073,49512,35870,7023,69602,67202,72343,67764,30223,45945,12192,63976,45003,31165,14347,61821,17366,53981,4821,11472,15.06144313,6721,51551,6424
51,KIBAALE,Kibaale,407,KIBAALE,Kibaale,WESTERN,WESTERN REGION,41240,192804,96778,96026,1161.294114,166.0251246,4.675169738,35033,5881,14572,60832,16859,56512,24044,35960,5280,28386,10863,5415,39445,37391,40296,39096,30913,10327,6566,34674,35976,5264,16640,24600,5315,33973,1952,5451,13.21774976,2099,26263,7427
52,KIBOGA,Kiboga,103,KIBOGA,Kiboga,CENTRAL 2,CENTRAL REGION,34072,148218,75847,72371,1563.173756,94.81863384,4.350140878,28274,2119,12925,39212,22865,47624,17938,23644,10428,22608,10373,4370,31163,30683,32367,29136,15097,18975,4396,29676,20893,13179,14882,19190,6691,26248,1133,5459,16.02195351,3763,18568,6282
53,KIBUKU,Kibuku,227,KIBUKU,Kibuku,TESO,EASTERN REGION,35474,202033,97476,104557,489.9000772,412.3963425,5.695241585,41674,5144,15352,53320,24743,46101,33209,31482,3992,17551,15305,2238,34657,26897,33722,34007,13100,22374,11886,23588,27412,8062,1935,33539,6461,26924,2089,1803,5.082595704,1607,27815,4249
54,KIRUHURA,Kiruhura,419,KIRUHURA,Kiruhura,SOUTH WESTERN,WESTERN REGION,67302,328077,166214,161863,4602.769139,71.27817843,4.874699117,55992,8500,42571,92226,42801,102302,53310,46883,20419,45941,20587,7479,62943,60504,64200,59341,46357,20945,11444,55858,45481,21821,55929,11373,9824,55636,1842,9962,14.80193754,11509,30772,15059
55,KIRYANDONGO,Kiryandongo,421,KIRYANDONGO,Kiryandongo,WESTERN,WESTERN REGION,52223,266197,132822,133375,3621.526248,73.50409241,5.097313444,49493,8817,23481,72770,33636,64457,47136,41780,10443,26958,17477,4010,48231,45476,49310,48884,37216,15007,33035,19188,40787,11436,9744,42479,8823,36157,7243,6538,12.51938801,8016,29264,8405
56,KISORO,Kisoro,408,KISORO,Kisoro,SOUTH WESTERN,WESTERN REGION,62290,281705,126055,155650,729.5160657,386.1532504,4.522475518,52649,8515,44543,67550,29590,72587,48453,53683,8607,39645,11794,3350,59779,53951,58022,55197,45194,17096,613,61677,51125,11165,26616,35674,10566,49159,2565,4718,7.574249478,4147,40928,12497
57,KITGUM,Kitgum,305,KITGUM,Kitgum,ACHOLI,NORTHERN REGION,39726,203878,99105,104773,4104.936694,49.66653939,5.132104919,37991,6915,20799,48515,34034,57563,30484,31673,8053,15649,19241,5719,37731,30867,35955,30107,29849,9877,28675,11051,32689,7037,6649,33077,10520,18170,11036,4610,11.60449076,7832,16055,11229
58,KOBOKO,Koboko,319,KOBOKO,Koboko,WEST NILE,NORTHERN REGION,30284,206276,102098,104178,773.2241994,266.7738544,6.81138555,38337,8158,20945,55688,24201,52712,33392,21788,8496,16177,12068,3955,29416,25498,27984,28618,21043,9241,24401,5883,25805,4479,9865,20419,6436,21286,2562,3912,12.91771232,4266,7233,14873
59,KOLE,Kole,325,KOLE,Kole,LANGO,NORTHERN REGION,48394,239327,117164,122163,1060.758559,225.618731,4.945385792,43468,10013,17866,77829,24816,71452,30895,44382,4012,28129,30542,3472,46861,41959,45507,43273,38157,10237,33894,14500,42942,5452,14934,33460,5812,36632,5950,2820,5.827168657,9296,26457,9821
60,KOTIDO,Kotido,306,KOTIDO,Kotido,KARAMOJA,NORTHERN REGION,26192,181050,86169,94881,3610.420462,50.14651393,6.912416005,4984,34349,73016,4386,5604,7258,63626,19473,6719,2283,3818,754,24853,8397,18149,12334,24229,1963,21486,4706,23801,2391,3856,22336,1369,5194,19629,2054,7.842089188,740,430,22968
61,KUMI,Kumi,208,KUMI,Kumi,TESO,EASTERN REGION,40805,239268,116457,122811,1074.061819,222.7693004,5.863693175,49519,5758,16430,68878,32733,65665,34929,33595,7210,21594,18304,3369,39534,35584,38400,36928,28099,12706,27348,13457,31131,9674,5302,35503,5529,27942,7334,3225,7.903443205,4023,14417,19140
62,KWEEN,Kween,228,KWEEN,Kween,ELGON,EASTERN REGION,17870,93667,47404,46263,814.8424219,114.9510598,5.241578064,22668,3609,5239,20951,19583,29188,14865,15102,2768,8310,1805,874,17108,16086,17004,17152,17327,543,7533,10337,17141,729,5523,12347,2091,12934,2845,720,4.029099049,2440,9955,4755
63,KYANKWANZI,Kyankwanzi,123,KYANKWANZI,Kyankwanzi,CENTRAL 2,CENTRAL REGION,47773,214693,111539,103154,2472.944149,86.81676054,4.494023821,38967,4764,22017,63683,24290,64125,32930,37388,10385,29908,20726,5758,43191,41602,45198,42204,29045,18728,13323,34450,35860,11913,22071,25702,7951,36504,3318,5193,10.87015678,3946,28226,10408
64,KYEGEGWA,Kyegegwa,422,KYEGEGWA,Kyegegwa,WESTERN,WESTERN REGION,60085,281637,140617,141020,1747.664676,161.1504792,4.687309645,43751,15622,26540,76142,34444,90462,45548,50614,9471,34730,11326,4528,55727,52301,57511,56160,50736,9349,13930,46155,52588,7497,45526,14559,9414,48466,2205,6987,11.62852625,3724,37972,11402
65,KYENJOJO,Kyenjojo,415,KYENJOJO,Kyenjojo,WESTERN,WESTERN REGION,91532,422204,210599,211605,2352.627691,179.4606097,4.612638203,70042,18630,41926,120130,48858,130624,60163,68188,23344,54222,17796,7331,86040,78212,86704,84730,74030,17502,12394,79138,77008,14524,50346,41186,15209,73567,2756,10277,11.22776734,6039,59664,15552
66,LAMWO,Lamwo,326,LAMWO,Lamwo,ACHOLI,NORTHERN REGION,27185,134371,65106,69265,5442.629132,24.68861955,4.942836123,26102,5296,13714,34570,17177,34213,21760,24157,3028,9435,13543,1817,25464,29593,32972,33453,24058,3127,23687,3498,25880,1305,6413,20772,6335,9741,11109,1348,4.958616884,5150,9196,11491
67,LIRA,Lira,307,LIRA,Lira,LANGO,NORTHERN REGION,89170,408043,196663,211380,1341.999399,304.056023,4.576012112,68199,15993,32787,111312,71366,131300,53460,57247,31923,53428,47935,8064,85594,79451,82821,78902,53671,35499,39908,49262,58326,30844,13508,75662,21668,61489,6013,14152,15.87080857,17072,39688,18258
68,LUUKA,Luuka,229,LUUKA,Luuka,EAST CENTRAL,EASTERN REGION,44404,238020,113566,124454,647.2942011,367.7153288,5.360327898,50299,6106,17091,59531,36633,64659,30547,36415,7989,28144,22392,3780,42568,38133,42565,41818,8590,35814,3699,40705,32653,11751,2634,41770,9100,33299,2005,3718,8.373119539,1894,35068,3724
69,LUWERO,Luwero,104,LUWERO,Luwero,CENTRAL 2,CENTRAL REGION,105422,456958,226805,230153,2215.954706,206.2126986,4.334560149,93229,4198,21977,111926,96732,161241,37202,62237,43185,74455,40554,15334,94065,98667,101916,92771,20829,84593,6226,99196,42234,63188,18833,86589,33743,69142,2537,28292,26.83690311,15334,51053,10743
70,LWENGO,Lwengo,124,LWENGO,Lwengo,CENTRAL 1,CENTRAL REGION,61828,274953,133474,141479,1024.346354,268.4180004,4.447062819,60258,3801,17475,76935,37209,27201,272095,46716,15112,44104,23811,9324,57834,56337,59703,53966,14508,47320,1721,60107,35637,26191,38485,23343,13851,46183,1794,11214,18.13741347,6727,39957,3930
71,LYANTONDE,Lyantonde,114,LYANTONDE,Lyantonde,CENTRAL 1,CENTRAL REGION,20639,93753,46714,47039,866.1445375,108.2417494,4.542516595,17799,1505,8859,26967,12456,30711,11726,14446,6193,14163,6622,3241,19478,18061,19738,18001,8635,12004,3377,17262,8773,4332,15634,5005,4187,15350,1102,4332,20.98938902,3100,10641,2566
72,MANAFWA,Manafwa,223,MANAFWA,Manafwa,ELGON,EASTERN REGION,72905,353825,173580,180245,533.9517862,662.6534626,4.85323366,74186,6755,15597,108739,50002,98577,50683,63023,9882,43109,16931,2155,71196,63345,68251,66921,57808,15097,9517,63388,63762,9143,11330,61575,14238,52923,5744,3409,4.675948152,7990,56803,4703
73,MARACHA,Maracha,320,MARACHA,Maracha,WEST NILE,NORTHERN REGION,36284,186134,87900,98234,441.3766034,421.7124301,5.129919524,9134,21380,24343,48154,22906,51140,36374,32914,3370,16580,14688,2256,35460,30117,33768,33319,23027,13257,28653,7631,33813,2471,7346,28938,4438,27600,4246,2173,5.988865616,7902,23706,2503
74,MASAKA,Masaka,105,MASAKA,Masaka,CENTRAL 1,CENTRAL REGION,75777,297004,145552,151452,2197.311737,135.1669838,3.919447854,55883,2581,12196,73422,68302,115764,19297,32062,43715,53008,20230,9246,67213,72396,72517,66139,12994,62783,1961,73816,26579,49198,23358,52419,21700,50534,3543,28470,37.57076686,9994,31878,5435
75,MASINDI,Masindi,409,MASINDI,Masindi,WESTERN,WESTERN REGION,64929,291113,148121,142992,3920.83371,74.24772932,4.483558964,50150,7132,22455,78868,48279,88795,42165,43418,21511,35293,20347,6535,59687,61019,62804,61486,31304,33625,22709,42220,41196,23733,11820,53109,15037,46249,3643,13367,20.58710284,7156,36688,7718
76,MAYUGE,Mayuge,214,MAYUGE,Mayuge,EAST CENTRAL,EASTERN REGION,95533,473239,229252,243987,3381.2422,139.9601011,4.953670459,95676,12852,45613,120854,59896,117270,76961,70811,24722,58573,38729,6311,75065,80569,90084,90145,41197,54336,18894,76639,70315,25218,28270,67263,16570,67693,11270,9319,9.754744434,5142,68633,12439
77,MBALE,Mbale,209,MBALE,Mbale,ELGON,EASTERN REGION,108813,488960,233339,255621,518.5898278,942.8646182,4.49358073,90979,9564,28752,123185,107460,158798,65559,61277,47536,64681,18615,5403,101807,99040,102422,98368,60025,48788,3437,105376,70705,38108,12157,96656,23592,80067,5154,26444,24.3022433,16597,57023,8749
78,MBARARA,Mbarara,410,MBARARA,Mbarara,SOUTH WESTERN,WESTERN REGION,113071,472629,230082,242547,1816.552504,260.1791024,4.179931194,81302,6095,33001,126076,104236,190032,42240,59531,53540,80439,29617,11551,105840,105732,109025,103553,57452,55619,2495,110576,56308,56763,41622,71449,20494,91561,1016,37886,33.50638095,16561,47239,11385
79,MITOOMA,Mitooma,423,MITOOMA,Mitooma,SOUTH WESTERN,WESTERN REGION,39817,183444,86484,96960,543.9023461,337.2737796,4.607177839,36590,2593,16303,52068,27048,60589,21164,32497,7320,27610,8594,3052,38891,35523,37731,36236,29715,10102,2300,37517,31052,8765,20597,19220,5890,33548,379,4158,10.4427757,6097,26013,3549
80,MITYANA,Mityana,115,MITYANA,Mityana,CENTRAL 2,CENTRAL REGION,79903,328964,165717,163247,1582.529321,207.8722938,4.117041913,64562,3746,18094,88018,63633,116997,30251,50426,29477,57455,20264,10597,71149,74777,76932,70377,25283,54620,2228,77675,41501,38402,39778,40125,20250,57453,2200,18362,22.98036369,8089,46014,7438
81,MOROTO,Moroto,308,MOROTO,Moroto,KARAMOJA,NORTHERN REGION,22084,103432,49746,53686,3546.130368,29.16756838,4.683571817,4967,16649,36398,5505,6911,9416,33040,10315,11769,3181,2433,708,21171,10032,16708,10769,20046,2038,14897,7187,18256,3828,3433,18651,1162,3778,17144,1985,8.988407897,600,632,18867
82,MOYO,Moyo,309,MOYO,Moyo,WEST NILE,NORTHERN REGION,25881,139012,68940,70072,1889.959088,73.55291491,5.371198949,26104,4596,10945,37785,22964,41840,19366,22207,3674,13706,9108,2682,25489,24049,24798,23029,12471,13410,22262,3619,20280,5601,1877,24004,3911,20298,1672,2997,11.5799235,4579,8477,9828
83,MPIGI,Mpigi,106,MPIGI,Mpigi,CENTRAL 1,CENTRAL REGION,60523,250548,125404,125144,1524.260317,164.3734978,4.13971548,49475,2868,13133,63510,49413,87564,22187,35849,24674,43333,16113,7328,52191,55558,57500,53301,13330,47193,1421,59102,25609,34914,21801,38722,17584,40948,1991,13765,22.74341986,9285,31382,6091
84,MUBENDE,Mubende,107,MUBENDE,Mubende,CENTRAL 2,CENTRAL REGION,151273,684348,346654,337694,4629.523117,147.8225689,4.52392694,126145,15566,59279,197499,81899,208517,87134,119805,31468,104534,38783,20263,138625,134702,145958,135866,86389,64884,14689,136584,109093,42180,99278,51995,25749,120613,4911,22119,14.62190873,10598,100909,17647
85,MUKONO,Mukono,108,MUKONO,Mukono,CENTRAL 2,CENTRAL REGION,144632,596804,289757,307047,4081.606304,146.2179239,4.126362078,110002,5999,29910,129428,158206,228475,49157,61856,82776,92507,29937,15969,124410,136463,138724,124267,27693,116939,7281,137351,47787,96845,34473,110159,47376,90102,7154,48299,33.39440788,21744,59811,14778
86,NAKAPIRIPIRIT,Nakapiripirit,311,NAKAPIRIPIRIT,Nakapiripirit,KARAMOJA,NORTHERN REGION,25411,156690,74578,82112,4182.081261,37.46699077,6.166227224,6087,22617,52056,8175,5963,9086,40719,21273,4138,3247,3245,447,23613,12885,21500,16759,24654,757,21956,3455,24152,1259,4869,20542,1380,3622,20409,728,2.864901027,830,560,23293
87,NAKASEKE,Nakaseke,116,NAKASEKE,Nakaseke,CENTRAL 2,CENTRAL REGION,43167,197373,104795,92578,3475.359195,56.79211526,4.572312183,36070,2632,16192,47373,32163,60803,22501,28920,14247,29125,15008,6697,38500,40303,41607,37439,14502,28665,5452,37715,23642,19525,11882,31285,11854,29842,1471,8337,19.31336438,6060,23817,4953
88,NAKASONGOLA,Nakasongola,109,NAKASONGOLA,Nakasongola,CENTRAL 2,CENTRAL REGION,36314,181795,93323,88472,3508.458667,51.81620115,5.006195957,35598,3531,12355,48075,29193,55071,21941,22672,13642,22293,18103,5382,33262,32425,34290,32791,16673,19641,10155,26159,23571,12743,13180,23134,8125,22717,5472,5775,15.90295754,5085,15205,10249
89,NAMAYINGO,Namayingo,230,NAMAYINGO,Namayingo,EAST CENTRAL,EASTERN REGION,42942,215443,106303,109140,4664.012257,46.1926316,5.017069536,43265,6475,17000,59977,24592,50414,37251,32414,10528,23057,18998,2190,40053,35968,39635,38735,34297,8645,22287,20655,35880,7062,24273,18669,6120,27578,9244,2124,4.946206511,2967,33215,4636
90,NAMUTUMBA,Namutumba,224,NAMUTUMBA,Namutumba,EAST CENTRAL,EASTERN REGION,45322,252557,123911,128646,813.7546683,310.3601243,5.57250342,53039,5818,22769,62596,32367,59593,40549,39179,6143,27334,23853,2720,43672,37545,43392,43200,14482,30840,10776,34546,33304,12018,7509,37813,7942,34219,3161,2941,6.489122281,2558,33003,6820
91,NAPAK,Napak,327,NAPAK,Napak,KARAMOJA,NORTHERN REGION,26764,142224,65518,76706,4473.350279,31.79362025,5.314003886,6614,25558,53589,9028,7024,11128,48482,21211,5553,4054,6286,394,25077,12265,20901,12814,25784,980,20691,6073,25514,1250,3738,23026,1297,7171,18296,763,2.850844418,680,1094,24227
92,NEBBI,Nebbi,310,NEBBI,Nebbi,WEST NILE,NORTHERN REGION,77503,396509,190905,205604,2024.252806,195.87919,5.116047121,67026,19023,39100,118856,40081,101813,68281,65880,11623,32431,23342,6627,75196,62262,66970,63728,67692,9811,62586,14917,67699,9804,27985,49518,15525,49261,12717,4955,6.393300904,11750,54327,6471
93,NGORA,Ngora,231,NGORA,Ngora,TESO,EASTERN REGION,23695,141919,68414,73505,721.0113458,196.833241,5.989407048,28785,3583,9058,38989,21616,39865,19496,20016,3679,13638,13470,1689,22710,20059,21736,20936,17456,6239,17186,6509,18718,4977,1876,21819,4032,16076,3587,1546,6.524583245,1368,6273,14508
94,NTOROKO,Ntoroko,424,NTOROKO,Ntoroko,WESTERN,WESTERN REGION,13942,67005,34038,32967,1400.857751,47.83140898,4.805981925,11455,3045,8308,17435,8398,19424,12189,7054,6888,7527,2958,1520,13189,11894,12697,12712,12640,1302,3010,10932,12029,1913,5965,7977,3809,8570,1563,1531,10.98120786,1339,7276,3796
95,NTUNGAMO,Ntungamo,411,NTUNGAMO,Ntungamo,SOUTH WESTERN,WESTERN REGION,101836,483841,232469,251372,2027.134995,238.6821801,4.751178365,92918,9178,51442,134558,63964,157004,59684,81062,20774,72404,32853,9188,98443,91370,97474,91055,82312,19524,5236,96600,78046,23790,43030,58806,15711,84581,1544,12701,12.47201383,12932,67412,8791
96,NWOYA,Nwoya,328,NWOYA,Nwoya,ACHOLI,NORTHERN REGION,26231,133506,65969,67537,4729.392556,28.22899525,5.089626777,25246,4404,10810,39602,13827,34016,21132,23901,2330,12780,11643,2276,3001,22026,24118,21240,24571,1660,23160,3071,24900,1331,15982,10249,3376,16452,6403,1380,5.260950783,2433,19841,2577
115,OMORO,Omoro,304,GULU,Gulu,ACHOLI,NORTHERN REGION,31603,160732,78837,81895,1564.979607,102.7054917,5.085972851,31754,4676,11672,46992,21213,44138,23771,28367,3236,16209,17102,2176,29603,26988,30049,26044,28496,3107,27279,4324,29320,2283,12368,19235,5305,20465,5833,1737,5.496313641,6831,20603,2432
97,OTUKE,Otuke,329,OTUKE,Otuke,LANGO,NORTHERN REGION,21957,104254,51187,53067,1650.422792,63.16805641,4.748098556,18214,4746,10992,29764,11250,28775,15499,19881,2076,9498,13189,925,21515,17284,19315,14618,19945,2012,19008,2949,20601,1356,6781,15176,2896,13392,5669,992,4.517921392,2432,10617,7916
98,OYAM,Oyam,321,OYAM,Oyam,LANGO,NORTHERN REGION,76615,383644,187121,196523,2248.311192,170.636521,5.007426744,67050,19847,30217,119994,41129,107456,55410,69796,6819,42359,45326,4139,73575,64886,72384,69304,62335,14280,58104,18511,68106,8509,25797,50818,11394,58574,6647,5366,7.003850421,14995,42192,14062
99,PADER,Pader,312,PADER,Pader,ACHOLI,NORTHERN REGION,34223,178004,86635,91369,3331.055941,53.43770958,5.201297373,34543,6436,18167,45422,23681,43653,30182,29577,4646,14179,17218,1826,32364,25410,30363,26841,29953,4270,29461,4762,31236,2987,8940,25283,8564,14058,11601,2627,7.676124244,7804,17342,6450
100,PALLISA,Pallisa,210,PALLISA,Pallisa,TESO,EASTERN REGION,65777,386889,188124,198765,1095.05404,353.3058515,5.881827995,80822,9227,26476,104551,50888,88673,64684,57504,8273,32187,30031,4527,63404,50280,60692,62130,30566,35211,25966,39811,51755,14022,6022,59755,11886,50100,3791,3825,5.815102543,4534,43190,14228
101,RAKAI,Rakai,110,RAKAI,Rakai,CENTRAL 1,CENTRAL REGION,116601,516309,254366,261943,4039.669375,127.8097171,4.427998045,104636,11840,40767,147460,63168,158612,60324,85529,31072,80819,39533,16454,108769,105185,112661,105485,48537,68064,9488,107113,73964,42637,82800,33801,21286,90025,5290,17134,14.69455665,11002,79922,8543
116,RUBANDA,Rubanda,404,KABALE,Kabale,SOUTH WESTERN,WESTERN REGION,43354,196896,92011,104885,687.6367234,286.3372378,4.541587858,37907,3469,18066,62461,22722,64672,24821,38927,4427,31908,6579,1355,42093,39107,41590,39933,39785,3569,830,42524,36440,6914,11449,31905,4267,38690,397,2590,5.974073903,5799,18736,16229
102,RUBIRIZI,Rubirizi,425,RUBIRIZI,Rubirizi,SOUTH WESTERN,WESTERN REGION,28798,129149,61765,67384,1472.256474,87.72180816,4.484651712,25019,3712,13483,36484,14946,39079,17159,23503,5295,18422,7043,1511,27998,26089,27906,26006,16697,12101,1408,27390,24024,4774,12829,15969,2823,25672,303,3327,11.55288562,2824,20530,2117
103,RUKUNGIRI,Rukungiri,412,RUKUNGIRI,Rukungiri,SOUTH WESTERN,WESTERN REGION,69579,314694,150016,164678,1523.597691,206.5466506,4.522830164,60481,4106,22515,91017,54764,112961,32242,53139,16440,50349,13690,4965,67075,61778,66366,64370,59114,10465,2668,66911,50230,19349,27964,41615,11136,57626,817,9915,14.24998922,12244,40063,7357
104,SERERE,Serere,232,SERERE,Serere,TESO,EASTERN REGION,47823,285903,139493,146410,1963.915645,145.5780449,5.978357694,59446,7506,16469,83991,35210,75646,39621,41832,5991,28408,32322,3134,43566,40442,44949,42374,38332,9491,37066,10757,40414,7409,2470,45353,5229,36093,6501,3213,6.718524559,3679,15942,24989
105,SHEEMA,Sheema,426,SHEEMA,Sheema,SOUTH WESTERN,WESTERN REGION,46203,207343,99225,108118,700.0769607,296.1717234,4.487652317,36331,5958,16135,58753,39741,79906,19770,34059,12144,34626,16383,4568,44394,43553,45058,43015,31059,15144,932,45271,30103,16100,19456,26747,7839,38052,312,8396,18.17198017,9956,24539,3312
106,SIRONKO,Sironko,215,SIRONKO,Sironko,ELGON,EASTERN REGION,54735,242421,120862,121559,405.561509,597.7416363,4.428994245,45640,5087,15609,74458,38210,70656,39123,45462,9273,30862,9067,1763,52621,47690,50552,48549,44800,9935,1977,52758,47435,7300,11025,43710,11088,38923,4724,4719,8.621540148,8834,37755,3427
107,SOROTI,Soroti,211,SOROTI,Soroti,TESO,EASTERN REGION,55009,296833,144976,151857,1410.920921,210.3824499,5.396080641,56596,7174,18110,77591,53283,91509,35899,37549,17460,26613,24722,2900,51985,47846,51345,50717,35938,19071,32649,22360,37686,17323,3771,51238,11816,36803,6390,8216,14.93573779,5684,23323,17786
108,SSEMBABULE,Ssembabule,111,SSEMBABULE,Ssembabule,CENTRAL 1,CENTRAL REGION,55427,252597,126084,126513,2340.535374,107.922744,4.557291573,50827,5745,26872,70073,27724,73286,35359,44837,10590,38487,22334,5747,51762,48759,53001,47945,18616,36811,7399,48028,36886,18541,44901,10526,9447,43376,2604,8102,14.61742472,6815,34700,5810
109,TORORO,Tororo,212,TORORO,Tororo,ELGON,EASTERN REGION,102627,517080,250830,266250,1193.681399,433.1809144,5.038440177,103744,10558,42985,138249,78274,131959,89470,81167,21460,45370,44047,5809,97862,89064,95199,96174,64369,38258,34987,67640,76451,26176,19953,82674,19467,73664,9496,11440,11.147164,8814,75509,6864
110,WAKISO,Wakiso,113,WAKISO,Wakiso,CENTRAL 1,CENTRAL REGION,503442,1997418,949035,1048383,2806.878479,711.6154173,3.967523568,313049,17716,63651,319174,767985,926003,97376,69509,433933,328832,62389,52854,437016,491046,488122,448236,27203,476239,3154,500288,61565,441877,92398,411044,206355,293260,3827,316149,62.797502,64320,71452,51521
111,YUMBE,Yumbe,313,YUMBE,Yumbe,WEST NILE,NORTHERN REGION,63786,484822,230626,254196,2312.776634,209.6276799,7.600758787,103697,34104,61731,94557,47964,93288,74916,58059,5727,34013,35504,7231,61973,51315,58799,57082,45971,17815,55118,8668,59465,4321,20987,42799,11231,46588,5967,3530,5.534129746,8984,11270,40002
112,ZOMBO,Zombo,330,ZOMBO,Zombo,WEST NILE,NORTHERN REGION,50278,240081,115824,124257,898.2903494,267.2643652,4.775070607,39932,15793,29738,69091,16958,53015,47286,43699,6579,20992,14607,3817,47921,42613,46319,46292,42319,7959,37977,12301,44254,6024,16483,33795,7344,34494,8440,2843,5.654560643,6194,37715,3526
