ID,FieldNames,Theme,Name
1,HH_Doesnot_grow_Maize,Agriculture,Do not grow Maize
2,HH_Grows_Maize,Agriculture,Grow Maize
3,HH_Doesnot_grow_Beans,Agriculture,Do not grow Beans
4,HH_Grows_Beans,Agriculture,Grow Beans
5,HH_Doesnot_grow_Matoke,Agriculture,Do not grow Matooke
6,HH_Grows_Matoke,Agriculture,Grow Matooke
7,HH_Doesnot_grow_Cassava,Agriculture,Do not grow Cassava
8,HH_Grows_Cassava,Agriculture,Grow Cassava
9,HH_Doesnot_grow_SweetPotatoes,Agriculture,Do not grow Sweet potatoes
10,HH_Grows_SweetPotatoes,Agriculture,Grow Sweet potatoes
11,HH_Doesnot_grow_GroundNuts,Agriculture,Do not grow Groundnuts
12,HH_Grows_GroundNuts,Agriculture,Grow Groundnuts
13,HH_Doesnot_grow_Sorghum,Agriculture,Do not grow Sorghum
14,HH_Grows_Sorghum,Agriculture,Grow Sorghum
15,HH_Doesnot_grow_Simsim,Agriculture,Do not grow Simsim
16,HH_Grows_Simsim,Agriculture,Grow Simsim
17,HH_Doesnot_grow_Millet,Agriculture,Do not grow Millet
18,HH_Grows_Millet,Agriculture,Grow Millet
19,HH_Doesnot_grow_greens,Agriculture,Do not grow Greens
20,HH_Grows_greens,Agriculture,Grow Greens
21,HH_Doesnot_grow_Pineaples,Agriculture,Do not grow Pineapples
22,HH_Grows_Pineapples,Agriculture,Grow Pineapples
23,HH_Doesnot_grow_Irish_Potatoes,Agriculture,Do not grow Irish potatoes
24,HH_Grows_Irish_Potatoes,Agriculture,Grow Irish potatoes
25,HH_Doesnot_grow_Tomatoes,Agriculture,Do not grow Tomatoes
26,HH_Grows_Tomatoes,Agriculture,Grow Tomatoes
27,HH_Doesnot_grow_Passionfruit,Agriculture,Do not grow Passion fruit
28,HH_Grows_Passionfruit,Agriculture,Grow Passion fruit
29,HH_Doesnot_grow_Mangoes,Agriculture,Do not grow Mangoes
30,HH_Grows_Mangoes,Agriculture,Grow Mangoes
31,HH_Doesnot_grow_Onions,Agriculture,Do not grow Onions
32,HH_Grows _Onions,Agriculture,Grow Onions
33,HH_Doesnot_grow_Oranges,Agriculture,Do not grow Oranges
34,HH_Grows _Oranges,Agriculture,Grow Oranges
35,HH_Doesnot_grow_SweetBananas,Agriculture,Do not grow Sweet bananas
36,HH_Grows_SweetBananas,Agriculture,Grow Sweet bananas
37,HH_Iron_sheets,Economic,Roof Material - Iron sheets
38,HH_Tiles,Economic,Roof Material - Tiles
39,HH_Asbestes,Economic,Roof Material - Asbestes
40,HH_Concrete,Economic,Roof Material - Concrete
41,HH_Tin,Economic,Roof Material - Tin
42,HH_Thatch,Economic,Roof Material - Thatch
43,HH_1_room,Socio-Economic,Has 1 sleeping room
44,HH_2_rooms,Socio-Economic,Has 2 sleeping rooms
45,HH_3_rooms,Socio-Economic,Has 3 sleeping rooms
46,HH_4_rooms,Socio-Economic,Has 4 sleeping rooms
47,HH_5_rooms_and_above,Socio-Economic,Has 5 and more sleeping rooms
48,HH_Detached_House_Single_Or_Multi Storey,Socio-Economic,Dwelling unit - Detached House
49,HH_Semi_Detached_House_Flat,Socio-Economic,Dwelling unit - Semi Detached House
50,HH_Room_Or_Rooms_Of_A_Main_House,Socio-Economic,Dwelling unit - Room of A Main House
51,HH_Servant_Quarters,Socio-Economic,Dwelling unit - Servant Quarters
52,HH_Tenement_Muzigo,Socio-Economic,Dwelling unit - Tenement (Mizigo)
53,HH_Other_dwelling_place,Socio-Economic,Dwelling unit - Other type
54,HH_Inside_kitchen,WASH & Health,Kitchen - Inside dwelling unit
55,HH_Outside_built_kitchen,WASH & Health,Kitchen - Built outside dwelling unit
56,HH_Outside_makeshift_kitchen,WASH & Health,Kitchen - Makeshift outside dwelling unit
57,HH_No_kitchen,WASH & Health,Kitchen - None
58,HH_bathroom_Inside_drainage_provided,WASH & Health,Bathroom - Inside - With drainage
59,HH_bathroom_Inside_no_drainage_provided,WASH & Health,Bathroom - Inside - Without drainage
60,HH_bathroom_Outside_built_drainage_provided,WASH & Health,Bathroom - Outside - With drainage
61,HH_bathroom_Outside_built_no_drainage_provided,WASH & Health,Bathroom - Outside - Without drainage
62,HH_bathroom_Makeshift,WASH & Health,Bathroom - Makeshift
63,HH_No_bathroom,WASH & Health,Bathroom - None
64,HH_Other_bathroom,WASH & Health,Bathroom - Other type
65,HH_Flush_toilet,WASH & Health,Toilet - Flush 
66,HH_VIP_Latrine,WASH & Health,Toilet - VIP Latrine 
67,HH_Covered_pitlatrine_private_with_slab,WASH & Health,Toilet - Pitlatrine - Covered Private with slab
68,HH_Covered_pitlatrine_without_slab,WASH & Health,Toilet - Pitlatrine - Covered without slab
69,HH_Uncovered_pitlatrine_with_slab,WASH & Health,Toilet - Pitlatrine - Uncovered with slab
70,HH_Uncovered_pitlatrine_without_slab,WASH & Health,Toilet - Pitlatrine - Uncovered without slab
71,HH_Ecological_sanitation,WASH & Health,Toilet - Ecological sanitation 
72,HH_No_facility_bush_polythene_bags_bucket,WASH & Health,Toilet - None
73,HH_Other_Toilet,WASH & Health,Toilet - Other type
74,HH_Get_water_from_Piped_water_into_dwelling,WASH & Health,Piped water into dwelling place
75,HH_Get_water_from_Piped_water_to_yard,WASH & Health,Piped water to yard
76,HH_Get_water_from_Public_taps,WASH & Health,Public taps
77,HH_Get_water_from_Borehole_in_yard,WASH & Health,Borehole in yard
78,HH_Get_water_from_Public_Borehole,WASH & Health,Public Borehole
79,HH_Get_water_from_Protected_well_spring,WASH & Health,Protected well spring
80,HH_Get_water_from_Unprotected_well_spring,WASH & Health,Unprotected well spring
81,HH_Get_water_from_River_Stream_Lake,WASH & Health,River Stream Lake
82,HH_Get_water_from_Vendor,WASH & Health,Vendor
83,HH_Get_water_from_Tanker_truck,WASH & Health,Tanker truck
84,HH_Get_water_from_Gravity_flow_scheme,WASH & Health,Gravity flow scheme
85,HH_Get_water_from_Rain water,WASH & Health,Rain water
86,HH_Get_water_from_Bottled water,WASH & Health,Bottled water
87,HH_Get_water_from_Other_sources,WASH & Health,Other sources of water
88,HH_Lighting_energy_Electricity,Energy,Lighting - Electricity
89,HH_Lighting_energy_Paraffin_Lantern,Energy,Lighting - Parrafin - Lantern
90,HH_Lighting_energy_Paraffin_Tadooba,Energy,Lighting - Parrafin - Tadooba
91,HH_Lighting_energy_Others,Energy,Lighting - Other type
92,Less_than_5Kms_from_public_primaryschool,Socio-Economic,Public Primary school - Less than 5km away
93,5Kms_or_More_from_public_primaryschool,Socio-Economic,Public Primary school - 5km or more away
94,HH_Less_than_5Kms_from_private_healthfacility,Socio-Economic,Private Health facility - Less than 5km away
95,HH_5Kms_or_More_from_public_healthfacility,Socio-Economic,Private Health facility - 5km or more away
96,HH_Less_than_5Kms_from_public_healthfacility,Socio-Economic,Public Health facility - Less than 5km away
97,HH_5Kms_or_More_from_public_healthfacility,Socio-Economic,Public Health facility - 5km or more away
98,HH_Floor_material_Earth,Socio-Economic,Floor material - Earth
99,HH_Floor_material_Concrete,Socio-Economic,Floor material - Concrete
100,HH_Floor_material_Brick,Socio-Economic,Floor material - Brick
101,HH_Floor_material_Stone,Socio-Economic,Floor material - Stone
102,HH_Floor_material_Cement_screed,Socio-Economic,Floor material Cement - Screed
103,HH_Floor_material_Rammed_earth,Socio-Economic,Floor material Rammed - Earth
104,HH_Floor_material_Wood,Socio-Economic,Floor material - Wood
105,HH_Floor_material_Tiles,Socio-Economic,Floor material - Tiles
106,HH_wall_material_Concrete_or_Stones,Socio-Economic,Wall material - Concrete or Stones
107,HH_wall_material_Cement_Blocks,Socio-Economic,Wall material - Cement Blocks
108,HH_wall_material_Burnt_or_stabilized_bricks,Socio-Economic,Wall material - Burnt or stabilized bricks
109,HH_wall_material_Unburnt_bricks_or_cement,Socio-Economic,Wall material - Unburnt bricks or cement
110,HH_wall_material_Unburnt_bricks_with_mud,Socio-Economic,Wall material - Unburnt bricks with mud
111,HH_wall_material_Wood,Socio-Economic,wall material - Wood
112,HH_wall_material_Mud_and_pole,Socio-Economic,Wall material - Mud and pole
113,HH_wall_material_Tin_or_iron_sheets,Socio-Economic,Wall material - Tin or iron sheets
